{
    "providers": [
        {
            "type": "bitmap",
            "file": "minecraft:font/owner.png",
            "ascent": 8,
            "height": 10,
            "chars": [
                    "Ｏ"
                ]
        },
        {
            "type": "bitmap",
            "file": "minecraft:font/techadmin.png",
            "ascent": 8,
            "height": 10,
            "chars": [
                    "Ａ"
                ]
		},		
		{
            "type": "bitmap",
            "file": "minecraft:font/gladmin.png",
            "ascent": 8,
            "height": 10,
            "chars": [
                    "Ｂ"
                ]
        },
        {
            "type": "bitmap",
            "file": "minecraft:font/stadmim.png",
            "ascent": 8,
            "height": 10,
            "chars": [
                    "Ｃ"
                ]
		},		
		{
            "type": "bitmap",
            "file": "minecraft:font/admin.png",
            "ascent": 8,
            "height": 10,
            "chars": [
                    "Ｄ"
                ]
        },
        {
            "type": "bitmap",
            "file": "minecraft:font/mladmin.png",
            "ascent": 8,
            "height": 10,
            "chars": [
                    "Ｅ"
                ]
		},		
		{
            "type": "bitmap",
            "file": "minecraft:font/curator.png",
            "ascent": 8,
            "height": 10,
            "chars": [
                    "Ｆ"
                ]
        },
        {
            "type": "bitmap",
            "file": "minecraft:font/youtuber.png",
            "ascent": 8,
            "height": 10,
            "chars": [
                    "Ｇ"
                ]
		},		
		{
            "type": "bitmap",
            "file": "minecraft:font/tiktok.png",
            "ascent": 8,
            "height": 10,
            "chars": [
                    "Ｈ"
                ]
		},		
		{
            "type": "bitmap",
            "file": "minecraft:font/glmoder.png",
            "ascent": 8,
            "height": 10,
            "chars": [
                    "Ｉ"
                ]
        },
        {
            "type": "bitmap",
            "file": "minecraft:font/stmoder.png",
            "ascent": 8,
            "height": 10,
            "chars": [
                    "Ｊ"
                ]
		},		
		{
            "type": "bitmap",
            "file": "minecraft:font/moder.png",
            "ascent": 8,
            "height": 10,
            "chars": [
                    "Ｋ"
                ]
        },
        {
            "type": "bitmap",
            "file": "minecraft:font/mlmoder.png",
            "ascent": 8,
            "height": 10,
            "chars": [
                    "Ｌ"
                ]
		},		
		{
            "type": "bitmap",
            "file": "minecraft:font/sthelper.png",
            "ascent": 8,
            "height": 10,
            "chars": [
                    "Ｍ"
                ]
		},		
		{
            "type": "bitmap",
            "file": "minecraft:font/helper.png",
            "ascent": 8,
            "height": 10,
            "chars": [
                    "Ｎ"
                ]
		},		
		{
            "type": "bitmap",
            "file": "minecraft:font/mlhelper.png",
            "ascent": 8,
            "height": 10,
            "chars": [
                    "Ｐ"
                ]
		},		
		{
            "type": "bitmap",
            "file": "minecraft:font/junior.png",
            "ascent": 8,
            "height": 10,
            "chars": [
                    "Ｑ"
                ]
		},		
		{
            "type": "bitmap",
            "file": "minecraft:font/raid.png",
            "ascent": 8,
            "height": 10,
            "chars": [
                    "Ｒ"
                ]
		},		
		{
            "type": "bitmap",
            "file": "minecraft:font/ranger.png",
            "ascent": 8,
            "height": 10,
            "chars": [
                    "Ｓ"
                ]
		},		
		{
            "type": "bitmap",
            "file": "minecraft:font/master.png",
            "ascent": 8,
            "height": 10,
            "chars": [
                    "Ｔ"
                ]
		},		
		{
            "type": "bitmap",
            "file": "minecraft:font/legend.png",
            "ascent": 8,
            "height": 10,
            "chars": [
                    "Ｕ"
                ]
		},		
		{
            "type": "bitmap",
            "file": "minecraft:font/hero.png",
            "ascent": 8,
            "height": 10,
            "chars": [
                    "Ｖ"
                ]
		},		
		{
            "type": "bitmap",
            "file": "minecraft:font/default.png",
            "ascent": 8,
            "height": 10,
            "chars": [
                    "Ｗ"
                ]
		},		
		{
            "type": "bitmap",
            "file": "minecraft:font/logo.png",
            "ascent": 90,
            "height": 150,
            "chars": [
                    "➊"
                ]
		},		
		{
            "type": "bitmap",
            "file": "minecraft:font/gold.png",
            "ascent": 11,
            "height": 10,
            "chars": [
                    "㊰"
                ]
		},		
		{
            "type": "bitmap",
            "file": "minecraft:font/diamond.png",
            "ascent": 11,
            "height": 10,
            "chars": [
                    "㊯"
                ]
		},		
		{
            "type": "bitmap",
            "file": "minecraft:font/chat_global.png",
            "ascent": 9,
            "height": 10,
            "chars": [
                    "α"
                ]
		},		
		{
            "type": "bitmap",
            "file": "minecraft:font/chat_local.png",
            "ascent": 9,
            "height": 10,
            "chars": [
                    "㊭"
                ]
		},		
		{
            "type": "bitmap",
            "file": "minecraft:font/sidebar_start.png",
            "ascent": 7,
            "height": 32,
            "chars": [
                    "ꐀ"
                ]
		},		
		{
            "type": "bitmap",
            "file": "minecraft:font/sidebar_end.png",
            "ascent": 7,
            "height": 32,
            "chars": [
                    "ꐁ"
                ]
        }
    ]
}