{
    "providers": [
        {
            "type": "bitmap",
            "file": "minecraft:font/groups/owner.png",
            "ascent": 8,
            "height": 10,
            "chars": ["Ｏ"]
        },
        {
            "type": "bitmap",
            "file": "minecraft:font/groups/techadmin.png",
            "ascent": 8,
            "height": 10,
            "chars": ["Ａ"]
        },
        {
            "type": "bitmap",
            "file": "minecraft:font/groups/gladmin.png",
            "ascent": 8,
            "height": 10,
            "chars": ["Ｂ"]
        },
        {
            "type": "bitmap",
            "file": "minecraft:font/groups/stadmin.png",
            "ascent": 8,
            "height": 10,
            "chars": ["Ｃ"]
        },
        {
            "type": "bitmap",
            "file": "minecraft:font/groups/admin.png",
            "ascent": 8,
            "height": 10,
            "chars": ["Ｄ"]
        },
        {
            "type": "bitmap",
            "file": "minecraft:font/groups/mladmin.png",
            "ascent": 8,
            "height": 10,
            "chars": ["Ｅ"]
        },
        {
            "type": "bitmap",
            "file": "minecraft:font/groups/curator.png",
            "ascent": 8,
            "height": 10,
            "chars": ["Ｆ"]
        },
        {
            "type": "bitmap",
            "file": "minecraft:font/groups/youtuber.png",
            "ascent": 8,
            "height": 10,
            "chars": ["Ｇ"]
        },
        {
            "type": "bitmap",
            "file": "minecraft:font/groups/tiktok.png",
            "ascent": 8,
            "height": 10,
            "chars": ["Ｈ"]
        },
        {
            "type": "bitmap",
            "file": "minecraft:font/groups/glmoder.png",
            "ascent": 8,
            "height": 10,
            "chars": ["Ｉ"]
        },
        {
            "type": "bitmap",
            "file": "minecraft:font/groups/stmoder.png",
            "ascent": 8,
            "height": 10,
            "chars": ["Ｊ"]
        },
        {
            "type": "bitmap",
            "file": "minecraft:font/groups/moder.png",
            "ascent": 8,
            "height": 10,
            "chars": ["Ｋ"]
        },
        {
            "type": "bitmap",
            "file": "minecraft:font/groups/mlmoder.png",
            "ascent": 8,
            "height": 10,
            "chars": ["Ｌ"]
        },
        {
            "type": "bitmap",
            "file": "minecraft:font/groups/sthelper.png",
            "ascent": 8,
            "height": 10,
            "chars": ["Ｍ"]
        },
        {
            "type": "bitmap",
            "file": "minecraft:font/groups/helper.png",
            "ascent": 8,
            "height": 10,
            "chars": ["Ｎ"]
        },
        {
            "type": "bitmap",
            "file": "minecraft:font/groups/mlhelper.png",
            "ascent": 8,
            "height": 10,
            "chars": ["Ｐ"]
        },
        {
            "type": "bitmap",
            "file": "minecraft:font/groups/junior.png",
            "ascent": 8,
            "height": 10,
            "chars": ["Ｑ"]
        },
        {
            "type": "bitmap",
            "file": "minecraft:font/groups/raid.png",
            "ascent": 8,
            "height": 10,
            "chars": ["Ｒ"]
        },
        {
            "type": "bitmap",
            "file": "minecraft:font/groups/ranger.png",
            "ascent": 8,
            "height": 10,
            "chars": ["Ｓ"]
        },
        {
            "type": "bitmap",
            "file": "minecraft:font/groups/master.png",
            "ascent": 8,
            "height": 10,
            "chars": ["Ｔ"]
        },
        {
            "type": "bitmap",
            "file": "minecraft:font/groups/legend.png",
            "ascent": 8,
            "height": 10,
            "chars": ["Ｕ"]
        },
        {
            "type": "bitmap",
            "file": "minecraft:font/groups/hero.png",
            "ascent": 8,
            "height": 10,
            "chars": ["Ｖ"]
        },
        {
            "type": "bitmap",
            "file": "minecraft:font/groups/default.png",
            "ascent": 8,
            "height": 10,
            "chars": ["Ｗ"]
        },
        {
            "type": "bitmap",
            "file": "minecraft:font/gui/logo.png",
            "ascent": 90,
            "height": 150,
            "chars": ["➊"]
        },
        {
            "type": "bitmap",
            "file": "minecraft:font/gui/gold.png",
            "ascent": 11,
            "height": 11,
            "chars": ["㊰"]
        },
        {
            "type": "bitmap",
            "file": "minecraft:font/gui/diamond.png",
            "ascent": 11,
            "height": 11,
            "chars": ["㊯"]
        },
        {
            "type": "bitmap",
            "file": "minecraft:font/gui/chat_global.png",
            "ascent": 9,
            "height": 10,
            "chars": ["α"]
        },
        {
            "type": "bitmap",
            "file": "minecraft:font/gui/chat_local.png",
            "ascent": 9,
            "height": 10,
            "chars": ["㊭"]
        },
        {
            "type": "bitmap",
            "file": "minecraft:font/gui/sidebar_start.png",
            "ascent": 7,
            "height": 32,
            "chars": ["ꐀ"]
        },
        {
            "type": "bitmap",
            "file": "minecraft:font/gui/sidebar_end.png",
            "ascent": 7,
            "height": 32,
            "chars": ["ꐁ"]
        }
    ]
}