{
    "providers": [
        {
            "type": "bitmap",
            "file": "minecraft:font/owner.png",
            "ascent": 8,
            "height": 9,
            "chars": [
                    "Ａ"
                ]
        },
        {
            "type": "bitmap",
            "file": "minecraft:font/admin.png",
            "ascent": 8,
            "height": 9,
            "chars": [
                    "Ｂ"
                ]
		},		
		{
            "type": "bitmap",
            "file": "minecraft:font/builder.png",
            "ascent": 8,
            "height": 9,
            "chars": [
                    "Ｃ"
                ]
        },
        {
            "type": "bitmap",
            "file": "minecraft:font/curator.png",
            "ascent": 8,
            "height": 9,
            "chars": [
                    "Ｄ"
                ]
		},		
		{
            "type": "bitmap",
            "file": "minecraft:font/helper.png",
            "ascent": 8,
            "height": 9,
            "chars": [
                    "Ｅ"
                ]
        },
        {
            "type": "bitmap",
            "file": "minecraft:font/hero.png",
            "ascent": 8,
            "height": 9,
            "chars": [
                    "Ｆ"
                ]
		},		
		{
            "type": "bitmap",
            "file": "minecraft:font/legend.png",
            "ascent": 8,
            "height": 9,
            "chars": [
                    "Ｇ"
                ]
        },
        {
            "type": "bitmap",
            "file": "minecraft:font/master.png",
            "ascent": 8,
            "height": 9,
            "chars": [
                    "Ｈ"
                ]
		},		
		{
            "type": "bitmap",
            "file": "minecraft:font/media.admin.png",
            "ascent": 8,
            "height": 9,
            "chars": [
                    "Ｉ"
                ]
		},		
		{
            "type": "bitmap",
            "file": "minecraft:font/media.png",
            "ascent": 8,
            "height": 9,
            "chars": [
                    "Ｊ"
                ]
        },
        {
            "type": "bitmap",
            "file": "minecraft:font/moder.png",
            "ascent": 8,
            "height": 9,
            "chars": [
                    "Ｋ"
                ]
		},		
		{
            "type": "bitmap",
            "file": "minecraft:font/raid.png",
            "ascent": 8,
            "height": 9,
            "chars": [
                    "Ｌ"
                ]
        },
        {
            "type": "bitmap",
            "file": "minecraft:font/ranger.png",
            "ascent": 8,
            "height": 9,
            "chars": [
                    "Ｍ"
                ]
		},		
		{
            "type": "bitmap",
            "file": "minecraft:font/stajer.png",
            "ascent": 8,
            "height": 9,
            "chars": [
                    "Ｎ"
                ]
		},		
		{
            "type": "bitmap",
            "file": "minecraft:font/tex.admin.png",
            "ascent": 8,
            "height": 9,
            "chars": [
                    "Ｏ"
                ]
		},		
		{
            "type": "bitmap",
            "file": "minecraft:font/player.png",
            "ascent": 8,
            "height": 9,
            "chars": [
                    "Ｐ"
                ]
		},		
		{
            "type": "bitmap",
            "file": "minecraft:font/logo.png",
            "ascent": 90,
            "height": 150,
            "chars": [
                    "➊"
                ]
		},		
		{
            "type": "bitmap",
            "file": "minecraft:font/gold.png",
            "ascent": 11,
            "height": 11,
            "chars": [
                    "㊰"
                ]
		},		
		{
            "type": "bitmap",
            "file": "minecraft:font/diamond.png",
            "ascent": 11,
            "height": 11,
            "chars": [
                    "㊯"
                ]
		},		
		{
            "type": "bitmap",
            "file": "minecraft:font/chat_global.png",
            "ascent": 9,
            "height": 9,
            "chars": [
                    "α"
                ]
		},		
		{
            "type": "bitmap",
            "file": "minecraft:font/chat_local.png",
            "ascent": 9,
            "height": 9,
            "chars": [
                    "㊭"
                ]
        }
    ]
}